label,damaged,folder,timestamp,T_ctc,T_meas_1,T_meas_2,humidity
dam_D04,1,20190104T114553,737429.4944354862,20.0,20.529,20.439,50.2
dam_D04,1,20190104T123220,737429.526560382,20.5,21.045,20.967,51.1
dam_D04,1,20190104T131211,737429.5542341551,21.0,21.497,21.392,50.0
dam_D04,1,20190104T134450,737429.5769021412,21.6,22.032,21.957,50.4
dam_D04,1,20190104T143035,737429.6086713541,22.1,22.514,22.441,50.4
dam_D04,1,20190104T150329,737429.6315236922,22.6,23.052,22.977,50.6
dam_D04,1,20190104T155005,737429.6638827083,23.2,23.565,23.524,50.0
dam_D04,1,20190104T163125,737429.69258625,23.6,24.003,23.96,49.9
dam_D04,1,20190104T171546,737429.7233867825,24.0,24.513,24.45,50.0
dam_D04,1,20190104T175856,737429.7533692477,24.5,25.014,24.905,50.2
dam_D04,1,20190104T184729,737429.7870495833,25.0,25.483,25.411,50.1
dam_D04,1,20190104T193142,737429.8177778125,25.5,25.983,25.909,50.0
dam_D04,1,20190104T201849,737429.8505035995,26.0,26.494,26.408,50.1
dam_D04,1,20190104T210139,737429.8802449537,26.6,27.015,26.966,50.2
dam_D04,1,20190104T214815,737429.9126137384,27.0,27.428,27.353,50.2
dam_D04,1,20190104T223212,737429.943103368,27.5,27.958,27.896,50.1
dam_D04,1,20190104T231027,737429.9696939004,28.0,28.407,28.337,50.2
dam_D04,1,20190104T234244,737429.9921111111,28.5,28.954,28.881,50.3
dam_D04,1,20190105T002610,737430.0222764236,29.1,29.428,29.381,50.1
dam_D04,1,20190105T011211,737430.0542350926,29.5,29.919,29.852,50.1
dam_D04,1,20190105T015511,737430.0840875347,30.0,30.43,30.379,50.2
dam_D04,1,20190105T023659,737430.1131143172,30.6,30.931,30.896,50.0
dam_D04,1,20190105T030956,737430.136001331,31.1,31.435,31.385,50.3
dam_D04,1,20190105T035131,737430.1648850116,31.5,31.885,31.843,50.2
dam_D04,1,20190105T042850,737430.1907935069,32.1,32.434,32.409,50.2
dam_D04,1,20190105T051049,737430.2199487385,32.6,32.956,32.942,50.2
dam_D04,1,20190105T054337,737430.2427236459,33.1,33.453,33.433,50.3
dam_D04,1,20190105T062404,737430.2708136111,33.5,33.902,33.843,50.4
dam_D04,1,20190105T070605,737430.2999978703,34.1,34.427,34.403,50.1
dam_D04,1,20190105T074856,737430.3297437616,34.6,34.924,34.905,50.2
dam_D04,1,20190105T083040,737430.3587356713,35.1,35.395,35.38,50.2
dam_D04,1,20190105T091617,737430.3904127431,35.5,35.84,35.799,50.2
dam_D04,1,20190105T095757,737430.4193506829,36.0,36.353,36.322,50.3
dam_D04,1,20190105T104021,737430.4487883102,36.6,36.881,36.865,50.2
dam_D04,1,20190105T113628,737430.4877625116,37.0,37.312,37.276,49.9
dam_D04,1,20190105T121039,737430.5114929283,37.5,37.827,37.781,50.8
dam_D04,1,20190105T124915,737430.5383070371,38.1,38.321,38.289,50.5
dam_D04,1,20190105T132406,737430.5625041666,38.6,38.831,38.814,50.6
dam_D04,1,20190105T141529,737430.5981918634,39.0,39.281,39.241,50.0
dam_D04,1,20190105T150131,737430.6301599653,39.5,39.768,39.746,50.0
dam_D04,1,20190105T154708,737430.6618339237,40.0,40.267,40.238,49.9
dam_D04,1,20190105T163313,737430.6938358912,40.5,40.759,40.753,50.2
dam_D04,1,20190105T171604,737430.7235909259,41.0,41.26,41.255,50.2
dam_D04,1,20190105T180136,737430.7552191088,41.5,41.736,41.714,50.2
dam_D04,1,20190105T184608,737430.786136713,42.0,42.23,42.215,50.1
dam_D04,1,20190105T192907,737430.8159890277,42.5,42.742,42.725,50.1
dam_D04,1,20190105T201207,737430.8458515973,43.0,43.22,43.209,50.5
dam_D04,1,20190105T205539,737430.8760906945,43.5,43.727,43.699,50.6
dam_D04,1,20190105T213824,737430.9057677778,44.0,44.235,44.228,50.3
dam_D04,1,20190105T222145,737430.9358700694,44.5,44.722,44.712,50.6
dam_D04,1,20190105T230542,737430.9663957176,45.0,45.217,45.204,50.5
dam_D04,1,20190105T234838,737430.9962124305,45.5,45.71,45.722,50.6
dam_D04,1,20190106T003628,737431.029425706,46.0,46.201,46.209,50.5
dam_D04,1,20190106T012503,737431.0631630787,46.5,46.702,46.713,50.8
dam_D04,1,20190106T021257,737431.0964275463,47.0,47.2,47.209,50.3
dam_D04,1,20190106T024830,737431.1211131597,47.5,47.708,47.718,50.1
dam_D04,1,20190106T032330,737431.1454233102,48.0,48.172,48.207,50.1
dam_D04,1,20190106T035930,737431.1704231829,48.5,48.668,48.693,50.4
dam_D04,1,20190106T043445,737431.1948962962,49.0,49.173,49.211,50.3
dam_D04,1,20190106T050525,737431.2162028357,49.5,49.652,49.678,50.4
dam_D04,1,20190106T053838,737431.2392607407,50.0,50.167,50.205,50.4
dam_D04,1,20190106T060911,737431.2604849074,50.5,50.627,50.663,50.5
dam_D04,1,20190106T063946,737431.2817134722,51.0,51.068,51.108,50.3
dam_D04,1,20190106T071100,737431.3034054745,51.5,51.59,51.658,50.3
dam_D04,1,20190106T074132,737431.324621088,52.0,52.083,52.155,50.3
dam_D04,1,20190106T081208,737431.3458673842,52.5,52.563,52.632,50.4
dam_D04,1,20190106T084252,737431.367200544,53.0,53.042,53.116,50.4
dam_D04,1,20190106T091327,737431.3884455209,53.5,53.543,53.633,50.2
dam_D04,1,20190106T094356,737431.4096066088,54.0,54.028,54.104,50.3
dam_D04,1,20190106T101431,737431.4308517246,54.5,54.491,54.599,50.7
dam_D04,1,20190106T104520,737431.4522531829,55.0,54.995,55.107,50.3
dam_D04,1,20190106T111549,737431.473423206,55.5,55.475,55.584,50.4
dam_D04,1,20190106T114619,737431.4946018866,56.0,55.954,56.08,50.4
dam_D04,1,20190106T121648,737431.5157652663,56.5,56.454,56.579,50.4
dam_D04,1,20190106T124717,737431.5369372801,57.0,56.93,57.069,50.3
dam_D04,1,20190106T131745,737431.5580984954,57.5,57.429,57.573,50.4
dam_D04,1,20190106T134834,737431.579499155,58.0,57.888,58.02,50.4
dam_D04,1,20190106T141903,737431.6006654167,58.5,58.364,58.499,50.4
dam_D04,1,20190106T144924,737431.6217400231,59.1,59.097,59.222,49.7
dam_D04,1,20190106T152023,737431.6432535532,59.5,59.359,59.536,50.3
dam_D04,1,20190106T155110,737431.6646327431,60.0,59.86,60.028,50.4
dam_D04,1,20190106T162938,737431.6913507754,59.4,59.323,59.457,49.9
dam_D04,1,20190106T170653,737431.7172122222,58.9,58.854,59.008,49.9
dam_D04,1,20190106T174345,737431.74281875,58.5,58.392,58.52,49.9
dam_D04,1,20190106T182148,737431.7692362616,58.0,57.912,58.038,49.9
dam_D04,1,20190106T185928,737431.7954000116,57.4,57.412,57.522,49.9
dam_D04,1,20190106T194015,737431.8237284375,56.9,56.931,57.024,50.1
dam_D04,1,20190106T201707,737431.8493261574,56.4,56.437,56.536,49.9
dam_D04,1,20190106T205328,737431.8745641666,56.0,55.966,56.07,49.8
dam_D04,1,20190106T212944,737431.8997542708,55.5,55.49,55.596,49.8
dam_D04,1,20190106T220628,737431.9252608565,54.9,54.99,55.076,50.0
dam_D04,1,20190106T224306,737431.9507003704,54.5,54.537,54.611,49.9
dam_D04,1,20190106T231848,737431.9754915278,54.0,54.039,54.099,50.0
dam_D04,1,20190106T235349,737431.9998138773,53.5,53.567,53.631,49.9
dam_D04,1,20190107T002844,737432.0240560996,53.0,53.086,53.145,50.0
dam_D04,1,20190107T010727,737432.0509421527,52.5,52.602,52.644,50.1
dam_D04,1,20190107T014100,737432.0742448727,52.0,52.135,52.205,49.9
dam_D04,1,20190107T021541,737432.0983308912,51.5,51.648,51.674,50.1
dam_D04,1,20190107T025012,737432.1222977893,51.1,51.203,51.247,49.9
dam_D04,1,20190107T032321,737432.145288044,50.5,50.654,50.684,49.9
dam_D04,1,20190107T035646,737432.1685140857,50.0,50.167,50.188,49.9
dam_D04,1,20190107T042949,737432.1914501041,49.5,49.674,49.701,50.0
dam_D04,1,20190107T050356,737432.2151665741,49.0,49.181,49.206,49.8
dam_D04,1,20190107T053811,737432.2389586342,48.5,48.694,48.718,50.0
dam_D04,1,20190107T061331,737432.263494618,48.0,48.204,48.226,49.9
dam_D04,1,20190107T065001,737432.2888341782,47.5,47.763,47.767,50.4
dam_D04,1,20190107T072636,737432.3142407524,47.0,47.22,47.241,50.3
dam_D04,1,20190107T075626,737432.3349649884,46.5,46.703,46.697,49.2
dam_D04,1,20190107T082620,737432.3557246528,46.0,46.244,46.246,49.9
dam_D04,1,20190107T085622,737432.3765734491,45.5,45.733,45.724,49.7
dam_D04,1,20190107T092624,737432.3974350579,45.0,45.249,45.246,50.6
dam_D04,1,20190107T095900,737432.4200726504,44.5,44.724,44.72,50.6
dam_D04,1,20190107T103150,737432.4428730671,44.0,44.25,44.241,50.6
dam_D04,1,20190107T110500,737432.4659099537,43.5,43.753,43.743,49.9
dam_D04,1,20190107T113953,737432.4901389698,43.0,43.24,43.218,49.8
dam_D04,1,20190107T121614,737432.5153711458,42.5,42.768,42.757,49.6
dam_D04,1,20190107T124620,737432.5362860417,42.0,42.263,42.23,49.8
dam_D04,1,20190107T132001,737432.5596676852,41.5,41.757,41.733,49.8
dam_D04,1,20190107T135612,737432.5847912153,41.0,41.272,41.244,49.7
dam_D04,1,20190107T143356,737432.6110075231,40.5,40.779,40.758,49.6
dam_D04,1,20190107T150627,737432.6335831134,40.0,40.299,40.263,49.9
dam_D04,1,20190107T154641,737432.6615225232,39.6,39.831,39.817,49.8
dam_D04,1,20190107T162337,737432.6871649075,39.0,39.286,39.259,49.9
dam_D04,1,20190107T170355,737432.7151563773,38.5,38.785,38.732,50.0
dam_D04,1,20190107T174346,737432.7428375348,38.0,38.312,38.282,49.9
dam_D04,1,20190107T182425,737432.7710593172,37.5,37.825,37.81,49.4
dam_D04,1,20190107T190314,737432.7980197107,37.0,37.29,37.242,49.8
dam_D04,1,20190107T194237,737432.8253725463,36.5,36.847,36.797,49.7
dam_D04,1,20190107T202139,737432.8524706481,36.0,36.34,36.28,49.8
dam_D04,1,20190107T205858,737432.878385405,35.5,35.822,35.778,49.9
dam_D04,1,20190107T213949,737432.9067513426,35.0,35.347,35.297,49.7
dam_D04,1,20190107T221607,737432.9319575463,34.5,34.834,34.789,49.9
dam_D04,1,20190107T225612,737432.9598038541,34.0,34.376,34.327,49.8
dam_D04,1,20190107T233759,737432.9888105902,33.6,33.895,33.886,50.0
dam_D04,1,20190108T001227,737433.0127479514,33.0,33.404,33.354,50.2
dam_D04,1,20190108T004830,737433.0377842708,32.5,32.922,32.88,50.4
dam_D04,1,20190108T012154,737433.0609755556,32.0,32.425,32.36,50.5
dam_D04,1,20190108T015734,737433.0857473959,31.5,31.933,31.884,50.4
dam_D04,1,20190108T023034,737433.1086614005,31.0,31.423,31.371,50.2
dam_D04,1,20190108T030319,737433.1314042824,30.5,30.949,30.887,50.1
dam_D04,1,20190108T033514,737433.153566088,30.0,30.399,30.332,50.1
dam_D04,1,20190108T040833,737433.176713588,29.5,29.93,29.843,50.1
dam_D04,1,20190108T044221,737433.200179676,29.0,29.423,29.358,50.0
dam_D04,1,20190108T051514,737433.2230120949,28.5,28.957,28.891,50.1
dam_D04,1,20190108T054800,737433.2457703472,28.0,28.427,28.358,50.4
dam_D04,1,20190108T062109,737433.2687989121,27.5,27.935,27.851,50.2
dam_D04,1,20190108T065425,737433.2918893519,27.0,27.439,27.379,50.4
dam_D04,1,20190108T074312,737433.3257680325,26.4,26.912,26.821,50.3
dam_D04,1,20190108T082246,737433.3532437963,26.0,26.47,26.39,50.2
dam_D04,1,20190108T091257,737433.3881020834,25.5,26.007,25.917,50.0
dam_D04,1,20190108T100140,737433.4219300463,25.1,25.537,25.475,50.0
dam_D04,1,20190108T103355,737433.4443283449,24.5,25.0,24.926,50.6
dam_D04,1,20190108T110610,737433.466720544,24.1,24.541,24.483,50.4
dam_D04,1,20190108T115548,737433.5011880903,23.6,24.032,23.97,50.5
dam_D04,1,20190108T124540,737433.535816632,23.0,23.519,23.419,50.6
dam_D04,1,20190108T131933,737433.5593459144,22.4,22.987,22.879,50.3
dam_D04,1,20190108T141213,737433.5959196875,22.1,22.542,22.494,50.1
dam_D04,1,20190108T150240,737433.6309616435,21.6,22.036,21.967,50.3
dam_D04,1,20190108T155342,737433.6664001389,21.1,21.533,21.501,50.2
dam_D04,1,20190108T162700,737433.6895241551,20.6,21.044,20.972,50.3
dam_D04,1,20190108T171641,737433.7240192362,20.0,20.546,20.441,50.1
dam_D12,1,20181223T142524,737417.6052192476,20.1,20.646,20.565,50.0
dam_D12,1,20181223T151347,737417.6386817592,20.4,21.081,20.947,49.9
dam_D12,1,20181223T160520,737417.6744734491,21.1,21.583,21.51,49.9
dam_D12,1,20181223T163646,737417.6963053473,21.6,22.087,21.984,49.9
dam_D12,1,20181223T172017,737417.7265269444,22.2,22.582,22.537,50.3
dam_D12,1,20181223T175304,737417.7492886343,22.5,23.01,22.906,50.3
dam_D12,1,20181223T184103,737417.7826170254,23.1,23.509,23.428,50.4
dam_D12,1,20181223T192309,737417.811835,23.6,24.042,23.975,50.5
dam_D12,1,20181223T200535,737417.8413156829,24.0,24.479,24.383,50.4
dam_D12,1,20181223T204900,737417.8714611921,24.4,24.975,24.878,50.5
dam_D12,1,20181223T213202,737417.9013444792,25.1,25.497,25.432,50.1
dam_D12,1,20181223T221430,737417.9308393518,25.5,26.004,25.927,50.6
dam_D12,1,20181223T225718,737417.9605641435,26.0,26.49,26.403,50.4
dam_D12,1,20181223T234138,737417.9913480902,26.6,27.004,26.959,50.6
dam_D12,1,20181224T002500,737418.0214694097,27.1,27.491,27.433,50.6
dam_D12,1,20181224T010734,737418.0510317592,27.5,27.942,27.874,50.1
dam_D12,1,20181224T014950,737418.0803794212,28.0,28.437,28.358,50.1
dam_D12,1,20181224T023303,737418.1103864468,28.6,28.942,28.891,50.1
dam_D12,1,20181224T032031,737418.1433474305,29.0,29.413,29.329,50.3
dam_D12,1,20181224T040102,737418.1714830556,29.5,29.913,29.843,50.1
dam_D12,1,20181224T044507,737418.2020964352,30.0,30.419,30.368,49.9
dam_D12,1,20181224T052633,737418.2308751968,30.5,30.91,30.853,50.2
dam_D12,1,20181224T060922,737418.260615324,31.0,31.418,31.362,50.1
dam_D12,1,20181224T065209,737418.2903228588,31.5,31.877,31.813,50.3
dam_D12,1,20181224T072455,737418.3131322917,32.0,32.418,32.352,50.4
dam_D12,1,20181224T081018,737418.3445876852,32.5,32.89,32.841,50.1
dam_D12,1,20181224T084219,737418.366829757,33.0,33.386,33.352,50.1
dam_D12,1,20181224T092013,737418.393150706,33.5,33.891,33.851,50.2
dam_D12,1,20181224T100049,737418.4213395023,34.0,34.383,34.327,50.3
dam_D12,1,20181224T104210,737418.4500553356,34.6,34.896,34.871,50.3
dam_D12,1,20181224T112241,737418.4781843866,35.0,35.387,35.351,50.2
dam_D12,1,20181224T120300,737418.5061909838,35.5,35.881,35.846,50.3
dam_D12,1,20181224T124018,737418.5320925926,36.0,36.377,36.335,50.1
dam_D12,1,20181224T132045,737418.5601778125,36.5,36.832,36.785,51.3
dam_D12,1,20181224T135535,737418.5843701389,37.1,37.348,37.316,50.7
dam_D12,1,20181224T143006,737418.6083399537,37.6,37.832,37.792,50.7
dam_D12,1,20181224T151557,737418.640182662,38.1,38.326,38.3,50.1
dam_D12,1,20181224T160522,737418.6745007754,38.4,38.755,38.7,50.2
dam_D12,1,20181224T165419,737418.7084934722,39.0,39.27,39.235,50.2
dam_D12,1,20181224T174106,737418.7409777431,39.6,39.78,39.76,50.0
dam_D12,1,20181224T182831,737418.7739068402,40.0,40.278,40.256,49.9
dam_D12,1,20181224T191245,737418.8046195023,40.5,40.774,40.751,50.0
dam_D12,1,20181224T195541,737418.8344420949,41.0,41.256,41.233,50.1
dam_D12,1,20181224T203930,737418.8648646644,41.5,41.745,41.719,50.2
dam_D12,1,20181224T212211,737418.8945034606,42.0,42.223,42.193,50.3
dam_D12,1,20181224T220453,737418.924158831,42.5,42.748,42.729,50.2
dam_D12,1,20181224T224517,737418.9522123612,43.0,43.242,43.226,50.5
dam_D12,1,20181224T232547,737418.980335544,43.5,43.741,43.737,50.6
dam_D12,1,20181225T000746,737419.0094921527,44.0,44.215,44.204,50.5
dam_D12,1,20181225T005028,737419.039152882,44.5,44.723,44.709,50.3
dam_D12,1,20181225T013256,737419.0686400231,45.0,45.212,45.211,50.3
dam_D12,1,20181225T021810,737419.1000595602,45.5,45.714,45.715,50.5
dam_D12,1,20181225T030213,737419.1306369908,46.0,46.197,46.189,50.2
dam_D12,1,20181225T034058,737419.1575454051,46.5,46.702,46.718,50.5
dam_D12,1,20181225T041646,737419.1824099075,47.0,47.193,47.206,50.0
dam_D12,1,20181225T045201,737419.2068943287,47.5,47.691,47.707,50.3
dam_D12,1,20181225T052805,737419.2319338889,48.0,48.192,48.212,50.5
dam_D12,1,20181225T060335,737419.2565871065,48.5,48.673,48.697,50.4
dam_D12,1,20181225T063859,737419.2811720486,49.0,49.153,49.177,50.4
dam_D12,1,20181225T070917,737419.302219595,49.5,49.633,49.658,50.4
dam_D12,1,20181225T074144,737419.3247509144,50.0,50.142,50.178,50.6
dam_D12,1,20181225T081211,737419.3458951041,50.5,50.582,50.614,50.4
dam_D12,1,20181225T084529,737419.3690166667,51.1,51.306,51.329,50.3
dam_D12,1,20181225T091743,737419.3914138194,51.5,51.611,51.667,50.4
dam_D12,1,20181225T094823,737419.4127053356,52.0,52.084,52.141,50.3
dam_D12,1,20181225T102422,737419.4376944791,52.5,52.59,52.649,50.7
dam_D12,1,20181225T105448,737419.4588305324,53.0,53.05,53.112,50.4
dam_D12,1,20181225T112509,737419.4799024884,53.5,53.532,53.61,50.3
dam_D12,1,20181225T115522,737419.5008903357,54.0,54.022,54.099,50.3
dam_D12,1,20181225T122542,737419.5219451273,54.5,54.52,54.624,50.3
dam_D12,1,20181225T125543,737419.5427999421,55.0,54.985,55.084,50.4
dam_D12,1,20181225T132551,737419.5637236574,55.5,55.459,55.558,50.4
dam_D12,1,20181225T135618,737419.5848619329,56.0,55.97,56.09,50.4
dam_D12,1,20181225T142639,737419.6059438657,56.5,56.458,56.586,50.3
dam_D12,1,20181225T145700,737419.6270175925,57.0,56.949,57.08,50.3
dam_D12,1,20181225T152709,737419.6479579514,57.5,57.426,57.577,50.2
dam_D12,1,20181225T155741,737419.6691653704,58.0,57.914,58.043,50.3
dam_D12,1,20181225T162807,737419.690298588,58.5,58.384,58.545,50.4
dam_D12,1,20181225T165833,737419.71142647,59.0,58.851,58.985,50.5
dam_D12,1,20181225T172918,737419.7327822454,59.5,59.359,59.503,50.4
dam_D12,1,20181225T180154,737419.7554201041,60.0,59.86,60.024,50.4
dam_D12,1,20181225T183754,737419.7804205208,59.4,59.335,59.491,49.9
dam_D12,1,20181225T191444,737419.8060053935,58.9,58.859,58.986,49.9
dam_D12,1,20181225T195208,737419.8319745718,58.5,58.379,58.522,49.8
dam_D12,1,20181225T203211,737419.8597856018,58.0,57.916,58.033,50.1
dam_D12,1,20181225T210918,737419.8855669097,57.5,57.408,57.521,49.9
dam_D12,1,20181225T214631,737419.911410706,56.9,56.933,57.04,49.8
dam_D12,1,20181225T222228,737419.93636875,56.4,56.447,56.536,49.9
dam_D12,1,20181225T225929,737419.9620845834,56.0,55.984,56.077,49.8
dam_D12,1,20181225T233537,737419.9871746065,55.5,55.505,55.605,49.8
dam_D12,1,20181226T001140,737420.0122065394,55.0,55.009,55.086,49.9
dam_D12,1,20181226T004717,737420.0369317362,54.5,54.505,54.576,50.0
dam_D12,1,20181226T012553,737420.0637419213,54.0,54.043,54.114,49.9
dam_D12,1,20181226T020130,737420.0884802431,53.4,53.579,53.583,50.1
dam_D12,1,20181226T023646,737420.1129768981,53.0,53.079,53.138,50.0
dam_D12,1,20181226T031150,737420.1373236227,52.5,52.615,52.647,49.9
dam_D12,1,20181226T034646,737420.1615779282,52.0,52.128,52.159,49.9
dam_D12,1,20181226T042138,737420.1857905671,51.5,51.639,51.67,50.1
dam_D12,1,20181226T045557,737420.2096220602,51.0,51.18,51.196,49.9
dam_D12,1,20181226T052935,737420.232981875,50.5,50.676,50.71,50.0
dam_D12,1,20181226T060259,737420.2561769676,50.0,50.159,50.164,49.9
dam_D12,1,20181226T063629,737420.2794423958,49.5,49.67,49.689,50.2
dam_D12,1,20181226T071047,737420.3032528356,49.0,49.164,49.177,49.9
dam_D12,1,20181226T074843,737420.3296051505,48.5,48.684,48.693,49.8
dam_D12,1,20181226T081842,737420.3504187153,48.0,48.171,48.19,50.1
dam_D12,1,20181226T085155,737420.3734868403,47.5,47.702,47.709,50.4
dam_D12,1,20181226T092535,737420.3968699306,47.0,47.206,47.217,50.5
dam_D12,1,20181226T095824,737420.4196619213,46.5,46.732,46.74,50.3
dam_D12,1,20181226T104812,737420.4542446296,46.0,46.197,46.191,50.4
dam_D12,1,20181226T112107,737420.4770953704,45.5,45.722,45.726,50.2
dam_D12,1,20181226T115336,737420.499659618,45.0,45.211,45.203,50.5
dam_D12,1,20181226T122632,737420.5225215857,44.5,44.725,44.723,50.1
dam_D12,1,20181226T130058,737420.546445625,44.0,44.227,44.211,50.5
dam_D12,1,20181226T133514,737420.5702383796,43.5,43.738,43.723,50.5
dam_D12,1,20181226T140849,737420.5935647917,43.0,43.254,43.247,50.3
dam_D12,1,20181226T144128,737420.6162261111,42.5,42.753,42.731,49.8
dam_D12,1,20181226T151701,737420.6409250116,42.0,42.241,42.209,49.8
dam_D12,1,20181226T155333,737420.666295926,41.5,41.729,41.694,49.8
dam_D12,1,20181226T163026,737420.6919079167,41.0,41.263,41.246,49.6
dam_D12,1,20181226T170243,737420.7143191204,40.5,40.773,40.742,49.9
dam_D12,1,20181226T173526,737420.7370409375,40.0,40.277,40.238,49.8
dam_D12,1,20181226T181305,737420.7632314005,39.5,39.78,39.752,49.7
dam_D12,1,20181226T185059,737420.7895037963,39.0,39.283,39.258,49.7
dam_D12,1,20181226T192941,737420.816386956,38.5,38.799,38.766,49.7
dam_D12,1,20181226T200743,737420.8427922106,38.0,38.297,38.255,49.7
dam_D12,1,20181226T204615,737420.8695499421,37.5,37.789,37.742,49.8
dam_D12,1,20181226T212241,737420.8948564004,37.0,37.331,37.284,49.7
dam_D12,1,20181226T220014,737420.9209336343,36.5,36.831,36.812,49.7
dam_D12,1,20181226T223658,737420.9464427084,36.0,36.322,36.265,49.7
dam_D12,1,20181226T231514,737420.973019213,35.5,35.83,35.787,49.7
dam_D12,1,20181226T235212,737420.9986827777,35.0,35.351,35.322,49.4
dam_D12,1,20181227T003045,737421.0254576968,34.5,35.488,35.263,49.7
dam_D12,1,20181227T011622,737421.057130162,34.0,34.414,34.36,50.3
dam_D12,1,20181227T014856,737421.0797502546,33.6,34.082,34.01,49.6
dam_D12,1,20181227T022350,737421.1039838078,32.9,34.051,33.808,49.6
dam_D12,1,20181227T030400,737421.1318743172,32.5,33.7,33.517,50.3
dam_D12,1,20181227T033846,737421.1560265162,32.1,33.232,33.03,50.3
dam_D12,1,20181227T041338,737421.1802451852,31.6,32.743,32.552,50.4
dam_D12,1,20181227T044743,737421.2039121412,30.9,32.212,31.978,50.2
dam_D12,1,20181227T052127,737421.2273304977,30.5,31.774,31.562,50.4
dam_D12,1,20181227T055617,737421.2515156019,30.0,31.315,31.114,50.3
dam_D12,1,20181227T063145,737421.2761543866,29.5,30.812,30.594,50.2
dam_D12,1,20181227T070609,737421.3000383333,29.0,30.279,30.053,50.4
dam_D12,1,20181227T074646,737421.328250544,28.6,29.787,29.59,50.3
dam_D12,1,20181227T082759,737421.3568728472,27.9,29.309,29.049,49.8
dam_D12,1,20181227T090204,737421.380542662,27.4,28.826,28.574,50.2
dam_D12,1,20181227T095236,737421.4156352199,27.0,28.333,28.112,50.3
dam_D12,1,20181227T104142,737421.4497256828,26.6,27.885,27.668,50.1
dam_D12,1,20181227T112040,737421.4767877084,26.0,26.664,26.573,50.2
dam_D12,1,20181227T120846,737421.5101961574,25.5,26.098,26.018,50.1
dam_D12,1,20181227T124058,737421.5325578472,25.0,25.543,25.448,50.1
dam_D12,1,20181227T131934,737421.5593518286,24.6,25.05,24.995,50.2
dam_D12,1,20181227T135205,737421.5819336342,24.0,24.526,24.429,50.3
dam_D12,1,20181227T144252,737421.6172096181,23.5,24.018,23.936,50.2
dam_D12,1,20181227T153516,737421.6535946412,23.1,23.549,23.477,50.1
dam_D12,1,20181227T161432,737421.6808642708,22.6,23.055,22.978,50.2
dam_D12,1,20181227T164712,737421.7035508333,22.1,22.566,22.505,50.1
dam_D12,1,20181227T173532,737421.7371156944,21.5,22.017,21.925,50.4
dam_D12,1,20181227T180838,737421.760097743,21.1,21.589,21.508,50.6
dam_D12,1,20181227T190054,737421.7963891551,20.5,21.076,21.003,50.0
dam_D12,1,20181227T194116,737421.8244277199,19.9,20.53,20.423,50.3
dam_D16,1,20181230T115929,737424.5038798148,20.0,20.575,20.462,49.9
dam_D16,1,20181230T124806,737424.5375041667,20.5,21.067,20.96,50.4
dam_D16,1,20181230T132659,737424.5645117013,21.0,21.558,21.453,50.6
dam_D16,1,20181230T141352,737424.597065544,21.6,22.054,21.961,50.1
dam_D16,1,20181230T145647,737424.6268724769,22.1,22.511,22.437,50.2
dam_D16,1,20181230T154012,737424.6570136921,22.5,23.01,22.918,50.4
dam_D16,1,20181230T162926,737424.6912129166,23.0,23.507,23.413,50.3
dam_D16,1,20181230T171228,737424.7210828125,23.6,24.023,23.961,50.7
dam_D16,1,20181230T175632,737424.7516954745,24.0,24.52,24.438,50.3
dam_D16,1,20181230T184018,737424.7820961227,24.5,24.97,24.879,50.3
dam_D16,1,20181230T192629,737424.8141531597,25.0,25.479,25.397,50.2
dam_D16,1,20181230T201032,737424.8447507638,25.5,25.948,25.873,50.2
dam_D16,1,20181230T205310,737424.8743609375,26.0,26.431,26.352,50.2
dam_D16,1,20181230T213827,737424.9057982292,26.5,26.97,26.898,50.5
dam_D16,1,20181230T222416,737424.9376216782,27.0,27.421,27.332,50.2
dam_D16,1,20181230T230832,737424.9683635533,27.6,27.979,27.933,50.0
dam_D16,1,20181230T235215,737424.9987236343,28.1,28.441,28.387,50.1
dam_D16,1,20181231T003457,737425.0283679399,28.6,28.941,28.889,50.1
dam_D16,1,20181231T011805,737425.0583325926,29.0,29.439,29.374,50.2
dam_D16,1,20181231T015033,737425.0808359375,29.6,29.979,29.934,50.2
dam_D16,1,20181231T023410,737425.1111630672,30.0,30.402,30.355,50.1
dam_D16,1,20181231T031731,737425.1412632986,30.5,30.883,30.802,50.3
dam_D16,1,20181231T035931,737425.1704518981,31.0,31.388,31.325,50.0
dam_D16,1,20181231T043850,737425.1977600115,31.5,31.924,31.865,50.0
dam_D16,1,20181231T051127,737425.2204147107,32.0,32.432,32.371,50.4
dam_D16,1,20181231T054419,737425.243228993,32.6,32.939,32.915,50.3
dam_D16,1,20181231T062647,737425.2727284838,33.0,33.383,33.347,50.2
dam_D16,1,20181231T070556,737425.2999121412,33.5,33.901,33.873,50.2
dam_D16,1,20181231T074724,737425.3287005208,34.0,34.358,34.312,50.5
dam_D16,1,20181231T082900,737425.3575971875,34.5,34.857,34.802,50.6
dam_D16,1,20181231T090857,737425.3853310185,35.0,35.341,35.29,50.6
dam_D16,1,20181231T094708,737425.4118353588,35.5,35.844,35.796,50.3
dam_D16,1,20181231T102834,737425.4406163194,36.0,36.32,36.275,50.4
dam_D16,1,20181231T110937,737425.4691209954,36.5,36.81,36.77,50.4
dam_D16,1,20181231T120418,737425.5070856134,37.1,37.285,37.271,49.8
dam_D16,1,20181231T123749,737425.5303683565,37.6,37.81,37.784,50.6
dam_D16,1,20181231T131212,737425.5542437269,38.0,38.29,38.249,50.6
dam_D16,1,20181231T134622,737425.5779725694,38.5,38.8,38.758,50.6
dam_D16,1,20181231T142045,737425.6018402431,39.1,39.33,39.313,50.7
dam_D16,1,20181231T150620,737425.6334972917,39.5,39.766,39.734,50.0
dam_D16,1,20181231T155520,737425.6675326042,40.0,40.255,40.243,49.9
dam_D16,1,20181231T164221,737425.7001768635,40.5,40.748,40.731,50.0
dam_D16,1,20181231T172739,737425.7316323727,41.0,41.247,41.215,50.0
dam_D16,1,20181231T180618,737425.7584804051,41.5,41.739,41.711,50.1
dam_D16,1,20181231T184857,737425.7880901736,42.0,42.254,42.241,50.2
dam_D16,1,20181231T193038,737425.8170437731,42.5,42.726,42.719,50.1
dam_D16,1,20181231T201254,737425.8464040393,43.0,43.217,43.184,50.6
dam_D16,1,20181231T205259,737425.874229294,43.5,43.758,43.752,50.6
dam_D16,1,20181231T213338,737425.9024622685,44.0,44.224,44.227,50.4
dam_D16,1,20181231T221243,737425.9296024537,44.5,44.72,44.712,50.5
dam_D16,1,20181231T225440,737425.9587409954,45.0,45.203,45.207,50.2
dam_D16,1,20181231T233638,737425.987877963,45.5,45.707,45.718,50.4
dam_D16,1,20190101T001634,737426.0156098726,46.0,46.191,46.209,50.3
dam_D16,1,20190101T010211,737426.0472907639,46.5,46.708,46.73,50.5
dam_D16,1,20190101T014438,737426.076761169,47.0,47.194,47.207,50.3
dam_D16,1,20190101T023239,737426.1101139352,47.5,47.677,47.684,50.1
dam_D16,1,20190101T031606,737426.1402911574,48.0,48.169,48.189,50.2
dam_D16,1,20190101T035046,737426.1643612847,48.5,48.667,48.687,50.3
dam_D16,1,20190101T042612,737426.1889645255,49.0,49.157,49.189,50.7
dam_D16,1,20190101T045953,737426.2123544329,49.5,49.643,49.689,50.6
dam_D16,1,20190101T053017,737426.2334616436,50.0,50.126,50.153,50.4
dam_D16,1,20190101T060026,737426.254404294,50.5,50.603,50.617,50.4
dam_D16,1,20190101T063056,737426.2755843634,50.9,51.064,51.099,50.4
dam_D16,1,20190101T070118,737426.2966777663,51.5,51.599,51.666,50.2
dam_D16,1,20190101T073121,737426.3175404861,52.0,52.082,52.149,50.3
dam_D16,1,20190101T080143,737426.338629294,52.5,52.572,52.633,50.4
dam_D16,1,20190101T083153,737426.3595831945,53.0,53.051,53.134,50.4
dam_D16,1,20190101T090150,737426.3803737153,53.5,53.55,53.646,50.3
dam_D16,1,20190101T093435,737426.4031228357,54.0,54.029,54.108,50.4
dam_D16,1,20190101T100724,737426.4259140277,54.5,54.518,54.623,50.4
dam_D16,1,20190101T103740,737426.4469340509,55.0,54.987,55.1,50.3
dam_D16,1,20190101T110810,737426.4681063773,55.5,55.471,55.575,50.6
dam_D16,1,20190101T113828,737426.4891516088,56.0,55.963,56.078,50.4
dam_D16,1,20190101T120833,737426.5100372453,56.5,56.439,56.551,50.4
dam_D16,1,20190101T123843,737426.5309875695,57.0,56.938,57.063,50.4
dam_D16,1,20190101T130905,737426.5520776273,57.5,57.4,57.525,50.3
dam_D16,1,20190101T133908,737426.5729483218,58.0,57.891,58.041,50.3
dam_D16,1,20190101T140924,737426.5939673611,58.5,58.371,58.517,50.3
dam_D16,1,20190101T143947,737426.615058125,59.0,58.863,59.006,50.4
dam_D16,1,20190101T151021,737426.6362878125,59.5,59.361,59.537,50.4
dam_D16,1,20190101T155858,737426.6700540162,60.0,59.822,59.991,49.9
dam_D16,1,20190101T163529,737426.695409757,59.4,59.33,59.477,49.8
dam_D16,1,20190101T171225,737426.7210581829,58.9,58.852,58.99,49.9
dam_D16,1,20190101T174817,737426.7459647106,58.5,58.389,58.527,49.8
dam_D16,1,20190101T182427,737426.7710823958,58.0,57.923,58.057,49.8
dam_D16,1,20190101T190121,737426.7967118518,57.4,57.402,57.521,49.8
dam_D16,1,20190101T193807,737426.822238912,56.9,56.92,57.025,49.9
dam_D16,1,20190101T201820,737426.8501702199,56.5,56.465,56.576,50.0
dam_D16,1,20190101T205447,737426.8754829282,56.0,55.962,56.063,49.9
dam_D16,1,20190101T213036,737426.9003521644,55.5,55.483,55.583,49.8
dam_D16,1,20190101T220620,737426.9251632176,54.9,54.989,55.071,49.9
dam_D16,1,20190101T224222,737426.9501903241,54.5,54.531,54.609,50.0
dam_D16,1,20190101T231728,737426.9745680093,54.0,54.043,54.107,50.0
dam_D16,1,20190101T235246,737426.9990857639,53.5,53.543,53.614,49.9
dam_D16,1,20190102T002706,737427.0229256481,53.0,53.083,53.133,49.9
dam_D16,1,20190102T010207,737427.0472385995,52.5,52.61,52.663,50.0
dam_D16,1,20190102T013308,737427.0687767477,52.0,52.124,52.17,50.0
dam_D16,1,20190102T020822,737427.0932449306,51.5,51.613,51.627,50.0
dam_D16,1,20190102T024255,737427.1172430671,51.1,51.196,51.242,49.9
dam_D16,1,20190102T031744,737427.1414174653,50.5,50.672,50.692,50.1
dam_D16,1,20190102T035148,737427.1650828009,50.0,50.179,50.198,49.9
dam_D16,1,20190102T042541,737427.1886064699,49.5,49.667,49.684,49.9
dam_D16,1,20190102T045816,737427.2112306134,49.0,49.182,49.203,49.8
dam_D16,1,20190102T053221,737427.234906713,48.5,48.693,48.716,50.4
dam_D16,1,20190102T060726,737427.2592648726,48.0,48.181,48.207,49.9
dam_D16,1,20190102T064139,737427.2830272916,47.5,47.697,47.713,50.0
dam_D16,1,20190102T071440,737427.3059601273,47.0,47.203,47.21,50.5
dam_D16,1,20190102T074734,737427.3288045833,46.5,46.724,46.742,50.2
dam_D16,1,20190102T082134,737427.3524156482,46.0,46.24,46.248,50.3
dam_D16,1,20190102T085534,737427.376023993,45.5,45.732,45.729,50.5
dam_D16,1,20190102T092824,737427.3988213541,45.0,45.235,45.234,50.1
dam_D16,1,20190102T100113,737427.4216149074,44.5,44.746,44.749,50.5
dam_D16,1,20190102T103541,737427.4455531829,44.0,44.237,44.223,50.4
dam_D16,1,20190102T110924,737427.4689720833,43.5,43.753,43.751,49.9
dam_D16,1,20190102T114545,737427.4942256829,43.0,43.244,43.233,49.8
dam_D16,1,20190102T122133,737427.5190899421,42.5,42.754,42.729,49.7
dam_D16,1,20190102T125550,737427.5428909144,42.0,42.241,42.214,49.8
dam_D16,1,20190102T133108,737427.5674120949,41.5,41.737,41.698,49.7
dam_D16,1,20190102T140730,737427.5926590972,41.0,41.274,41.253,49.7
dam_D16,1,20190102T144153,737427.6165408449,40.5,40.784,40.756,49.8
dam_D16,1,20190102T152119,737427.6439188657,40.0,40.277,40.269,49.6
dam_D16,1,20190102T155946,737427.6706290394,39.5,39.771,39.754,49.8
dam_D16,1,20190102T163725,737427.696771632,39.0,39.263,39.223,49.8
dam_D16,1,20190102T171511,737427.7230022454,38.5,38.789,38.758,49.8
dam_D16,1,20190102T175346,737427.7497976273,38.0,38.297,38.255,49.9
dam_D16,1,20190102T183134,737427.7760431828,37.6,37.864,37.861,49.4
dam_D16,1,20190102T190817,737427.8015447222,37.0,37.33,37.28,49.9
dam_D16,1,20190102T194628,737427.8280592477,36.5,36.853,36.826,49.6
dam_D16,1,20190102T202525,737427.8551071412,36.0,36.35,36.324,49.7
dam_D16,1,20190102T210428,737427.8822260533,35.5,35.846,35.8,49.7
dam_D16,1,20190102T214449,737427.9102457986,35.0,35.339,35.289,49.7
dam_D16,1,20190102T222306,737427.9368256713,34.5,34.892,34.84,49.7
dam_D16,1,20190102T230050,737427.9630386343,34.0,34.363,34.332,49.6
dam_D16,1,20190102T233715,737427.988330162,33.5,33.883,33.84,49.8
dam_D16,1,20190103T000651,737428.0088689468,33.0,33.431,33.394,50.2
dam_D16,1,20190103T003906,737428.0312567708,32.4,32.902,32.827,50.1
dam_D16,1,20190103T011253,737428.0547189236,32.0,32.408,32.351,50.2
dam_D16,1,20190103T014534,737428.0774164121,31.5,31.935,31.893,50.3
dam_D16,1,20190103T021855,737428.100575787,31.0,31.445,31.384,50.5
dam_D16,1,20190103T025302,737428.1242620023,30.6,30.981,30.959,50.2
dam_D16,1,20190103T032449,737428.1463387847,30.0,30.451,30.387,49.9
dam_D16,1,20190103T035636,737428.1684128125,29.5,29.905,29.834,50.3
dam_D16,1,20190103T042851,737428.1908016204,29.0,29.466,29.391,50.2
dam_D16,1,20190103T050119,737428.2133485995,28.5,28.922,28.829,50.3
dam_D16,1,20190103T053407,737428.2361279398,28.0,28.481,28.414,50.2
dam_D16,1,20190103T062430,737428.2711215856,27.6,27.969,27.928,50.5
dam_D16,1,20190103T065832,737428.2947527546,27.0,27.476,27.413,50.5
dam_D16,1,20190103T073249,737428.3185640856,26.6,26.978,26.914,50.5
dam_D16,1,20190103T081051,737428.3449741667,26.0,26.474,26.386,50.3
dam_D16,1,20190103T090046,737428.3796387037,25.6,25.997,25.934,50.2
dam_D16,1,20190103T093339,737428.4024751621,25.1,25.493,25.43,50.5
dam_D16,1,20190103T102553,737428.4387494676,24.5,24.965,24.878,50.1
dam_D16,1,20190103T110322,737428.4647736342,24.0,24.541,24.448,50.1
dam_D16,1,20190103T115313,737428.4993881482,23.6,24.063,24.003,49.9
dam_D16,1,20190103T122929,737428.5245791435,23.0,23.496,23.414,50.7
dam_D16,1,20190103T130200,737428.5471666782,22.4,22.993,22.888,50.7
dam_D16,1,20190103T133409,737428.5694846644,22.0,22.543,22.464,50.2
dam_D16,1,20190103T140620,737428.5918354861,21.5,22.073,21.988,50.1
dam_D16,1,20190103T143855,737428.6144628356,21.0,21.529,21.429,50.7
dam_D16,1,20190103T153025,737428.6502226737,20.5,21.084,20.996,50.7
dam_D16,1,20190103T171434,737428.7225547569,20.1,20.613,20.527,50.5
dam_D24,1,20190108T202741,737433.8566594792,20.0,20.58,20.492,50.7
dam_D24,1,20190108T205853,737433.8782942708,20.6,21.078,21.007,50.5
dam_D24,1,20190108T213053,737433.9005525694,21.1,21.585,21.506,50.3
dam_D24,1,20190108T221945,737433.934490949,21.5,21.999,21.901,50.4
dam_D24,1,20190108T225224,737433.9571655787,22.0,22.534,22.439,50.6
dam_D24,1,20190108T233533,737433.9871295717,22.5,23.01,22.947,50.2
dam_D24,1,20190109T002135,737434.0190939468,23.0,23.504,23.422,50.3
dam_D24,1,20190109T010704,737434.0506804051,23.6,24.041,23.972,50.1
dam_D24,1,20190109T015010,737434.0806047916,24.1,24.515,24.471,50.3
dam_D24,1,20190109T023328,737434.110678345,24.6,25.005,24.956,50.9
dam_D24,1,20190109T031737,737434.141341655,25.0,25.509,25.441,50.0
dam_D24,1,20190109T040115,737434.1716381713,25.5,25.986,25.914,50.4
dam_D24,1,20190109T044516,737434.2022035533,26.0,26.486,26.422,50.0
dam_D24,1,20190109T053046,737434.2338043634,26.4,26.93,26.83,50.3
dam_D24,1,20190109T061536,737434.2649402431,27.0,27.46,27.402,50.0
dam_D24,1,20190109T070148,737434.2970170602,27.6,27.944,27.906,49.9
dam_D24,1,20190109T074528,737434.3273438311,28.0,28.417,28.368,50.2
dam_D24,1,20190109T082822,737434.3571361805,28.5,28.914,28.832,50.1
dam_D24,1,20190109T091525,737434.3898157408,29.1,29.433,29.387,50.0
dam_D24,1,20190109T095922,737434.420336713,29.6,29.913,29.887,50.2
dam_D24,1,20190109T104310,737434.4507443055,30.1,30.404,30.375,50.1
dam_D24,1,20190109T112602,737434.4805173264,30.5,30.929,30.868,50.0
dam_D24,1,20190109T121327,737434.5135033797,31.1,31.441,31.416,50.2
dam_D24,1,20190109T125228,737434.5405411227,31.6,31.966,31.944,50.0
dam_D24,1,20190109T133307,737434.568772963,32.0,32.428,32.379,50.1
dam_D24,1,20190109T141906,737434.6007057986,32.5,32.902,32.856,50.6
dam_D24,1,20190109T150003,737434.6291435185,33.0,33.418,33.395,50.2
dam_D24,1,20190109T154018,737434.6570898843,33.5,33.896,33.866,50.2
dam_D24,1,20190109T162306,737434.6868124305,34.0,34.344,34.288,50.4
dam_D24,1,20190109T171203,737434.7208037385,34.5,34.85,34.808,50.2
dam_D24,1,20190109T175419,737434.7501608217,35.0,35.358,35.347,50.2
dam_D24,1,20190109T183508,737434.7784977778,35.6,35.88,35.874,50.2
dam_D24,1,20190109T191647,737434.8074204166,36.1,36.373,36.361,50.3
dam_D24,1,20190109T195817,737434.8362420023,36.6,36.846,36.84,50.2
dam_D24,1,20190109T203952,737434.8651230093,37.1,37.346,37.334,50.1
dam_D24,1,20190109T212206,737434.8944457407,37.5,37.827,37.81,50.3
dam_D24,1,20190109T221537,737434.9316187847,38.0,38.297,38.268,49.9
dam_D24,1,20190109T225010,737434.9556050115,38.6,38.821,38.797,50.9
dam_D24,1,20190109T233853,737434.9894438657,39.1,39.289,39.281,50.2
dam_D24,1,20190110T003209,737435.0264295255,39.6,39.788,39.777,50.0
dam_D24,1,20190110T011911,737435.0590946064,40.1,40.303,40.304,50.0
dam_D24,1,20190110T020336,737435.0899361226,40.5,40.774,40.759,50.0
dam_D24,1,20190110T024750,737435.1206568403,41.0,41.251,41.259,50.2
dam_D24,1,20190110T032916,737435.1494279514,41.5,41.752,41.74,50.3
dam_D24,1,20190110T041106,737435.1784827431,42.1,42.27,42.275,50.2
dam_D24,1,20190110T045259,737435.2075654399,42.5,42.743,42.728,50.7
dam_D24,1,20190110T053226,737435.2349599422,43.1,43.249,43.25,50.5
dam_D24,1,20190110T061450,737435.2643998032,43.6,43.747,43.758,50.7
dam_D24,1,20190110T065730,737435.2940273496,44.0,44.243,44.26,50.6
dam_D24,1,20190110T074022,737435.3238047801,44.5,44.716,44.727,50.5
dam_D24,1,20190110T082120,737435.3522597107,45.0,45.215,45.216,50.6
dam_D24,1,20190110T090352,737435.3817861459,45.5,45.708,45.712,50.5
dam_D24,1,20190110T095002,737435.4138459028,46.0,46.207,46.206,51.0
dam_D24,1,20190110T102908,737435.4410072106,46.5,46.708,46.726,50.9
dam_D24,1,20190110T110907,737435.4687712268,47.0,47.192,47.212,50.4
dam_D24,1,20190110T114425,737435.4932824653,47.6,47.715,47.737,50.1
dam_D24,1,20190110T122019,737435.5182160764,48.0,48.173,48.2,50.5
dam_D24,1,20190110T125539,737435.5427463194,48.5,48.67,48.703,50.4
dam_D24,1,20190110T132626,737435.564133206,48.9,49.09,49.115,50.4
dam_D24,1,20190110T140208,737435.5889176736,49.5,49.652,49.701,50.4
dam_D24,1,20190110T143819,737435.6140409375,50.0,50.146,50.18,50.4
dam_D24,1,20190110T151349,737435.6387013542,50.5,50.64,50.687,50.5
dam_D24,1,20190110T154433,737435.6600370023,51.0,51.127,51.172,50.5
dam_D24,1,20190110T161502,737435.6812164005,51.5,51.603,51.641,50.4
dam_D24,1,20190110T164600,737435.7027090393,51.9,52.039,52.076,50.6
dam_D24,1,20190110T171840,737435.7253950463,52.5,52.535,52.624,50.4
dam_D24,1,20190110T174909,737435.7465631829,53.0,53.026,53.115,50.3
dam_D24,1,20190110T181931,737435.7676540625,53.5,53.537,53.624,50.3
dam_D24,1,20190110T185001,737435.7888436458,54.0,54.026,54.116,50.3
dam_D24,1,20190110T192228,737435.811375243,54.5,54.536,54.623,50.8
dam_D24,1,20190110T195306,737435.8326413425,55.0,54.992,55.097,50.4
dam_D24,1,20190110T202342,737435.8538639814,55.5,55.502,55.61,50.3
dam_D24,1,20190110T205415,737435.8751141783,56.0,55.971,56.088,50.3
dam_D24,1,20190110T212453,737435.8963877199,56.5,56.471,56.602,50.3
dam_D24,1,20190110T215526,737435.9175924306,57.0,56.94,57.064,50.4
dam_D24,1,20190110T222601,737435.938836713,57.5,57.421,57.561,50.4
dam_D24,1,20190110T225622,737435.9599158912,58.0,57.905,58.036,50.4
dam_D24,1,20190110T232657,737435.981156794,58.5,58.411,58.57,50.4
dam_D24,1,20190111T001656,737436.0158645486,59.0,58.907,59.068,49.9
dam_D24,1,20190111T004745,737436.0372611111,59.5,59.349,59.511,50.5
dam_D24,1,20190111T011819,737436.0584932871,60.0,59.85,60.017,50.4
dam_D24,1,20190111T015519,737436.084189375,59.5,59.352,59.501,49.8
dam_D24,1,20190111T023241,737436.1101371759,59.0,58.909,59.047,49.9
dam_D24,1,20190111T031045,737436.1365727431,58.5,58.412,58.551,49.8
dam_D24,1,20190111T034843,737436.1629428009,58.0,57.933,58.061,49.9
dam_D24,1,20190111T043009,737436.1917109722,57.5,57.446,57.558,49.9
dam_D24,1,20190111T050652,737436.2172015972,57.0,56.945,57.063,49.8
dam_D24,1,20190111T054312,737436.2424333681,56.5,56.46,56.577,49.8
dam_D24,1,20190111T061928,737436.2676248843,56.0,55.993,56.096,49.9
dam_D24,1,20190111T065553,737436.2929039005,55.5,55.488,55.573,49.9
dam_D24,1,20190111T073152,737436.3179005092,55.0,55.027,55.113,49.9
dam_D24,1,20190111T080707,737436.3423759375,54.5,54.533,54.611,49.9
dam_D24,1,20190111T084224,737436.3668817593,54.0,54.055,54.116,49.9
dam_D24,1,20190111T091742,737436.3913945602,53.5,53.575,53.627,49.9
dam_D24,1,20190111T095632,737436.418356875,53.0,53.096,53.151,50.1
dam_D24,1,20190111T103055,737436.442243449,52.5,52.622,52.69,49.9
dam_D24,1,20190111T110539,737436.4663625695,52.0,52.135,52.204,49.8
dam_D24,1,20190111T114017,737436.49041375,51.5,51.64,51.663,49.9
dam_D24,1,20190111T121502,737436.5145429167,51.0,51.153,51.204,49.8
dam_D24,1,20190111T124914,737436.5382939121,50.5,50.636,50.658,49.8
dam_D24,1,20190111T132348,737436.5622961574,50.0,50.173,50.205,49.8
dam_D24,1,20190111T135726,737436.5856502199,49.5,49.683,49.704,49.8
dam_D24,1,20190111T143130,737436.6093081713,49.0,49.176,49.189,50.0
dam_D24,1,20190111T150617,737436.63346478,48.5,48.689,48.7,49.9
dam_D24,1,20190111T154149,737436.6581368287,48.0,48.207,48.221,50.3
dam_D24,1,20190111T161557,737436.6818444907,47.5,47.717,47.736,50.2
dam_D24,1,20190111T165830,737436.7113974884,47.0,47.186,47.203,50.2
dam_D24,1,20190111T173158,737436.7346366436,46.5,46.695,46.718,50.2
dam_D24,1,20190111T180854,737436.760280301,46.0,46.217,46.231,50.4
dam_D24,1,20190111T184249,737436.783835463,45.5,45.705,45.718,50.4
dam_D24,1,20190111T193116,737436.8174797917,45.0,45.213,45.201,49.9
dam_D24,1,20190111T200449,737436.8407847222,44.6,44.747,44.771,50.4
dam_D24,1,20190111T203748,737436.8636800695,44.0,44.235,44.242,50.4
dam_D24,1,20190111T211034,737436.8864415741,43.5,43.742,43.728,50.4
dam_D24,1,20190111T214352,737436.9095644676,43.0,43.24,43.231,49.8
dam_D24,1,20190111T221706,737436.9326508912,42.5,42.736,42.713,49.8
dam_D24,1,20190111T224940,737436.9552670023,42.0,42.244,42.236,49.8
dam_D24,1,20190111T232343,737436.9789022801,41.5,41.735,41.71,49.6
dam_D24,1,20190111T235803,737437.0027437847,41.0,41.242,41.207,49.8
dam_D24,1,20190112T003210,737437.0264375347,40.5,40.775,40.758,49.9
dam_D24,1,20190112T010730,737437.0509718403,40.0,40.266,40.243,49.8
dam_D24,1,20190112T014734,737437.0788005556,39.5,39.761,39.727,49.9
dam_D24,1,20190112T022747,737437.106731007,39.0,39.281,39.256,49.7
dam_D24,1,20190112T030822,737437.134917581,38.5,38.771,38.732,49.9
dam_D24,1,20190112T034815,737437.1626079398,38.0,38.297,38.265,49.9
dam_D24,1,20190112T042800,737437.1902184723,37.5,37.827,37.8,49.8
dam_D24,1,20190112T050851,737437.2185817014,37.0,37.337,37.315,49.8
dam_D24,1,20190112T054613,737437.2445298033,36.5,36.798,36.751,49.9
dam_D24,1,20190112T062515,737437.2716368518,36.0,36.315,36.268,49.8
dam_D24,1,20190112T070204,737437.2972107176,35.5,35.844,35.796,49.9
dam_D24,1,20190112T073828,737437.3224808449,35.0,35.348,35.314,49.8
dam_D24,1,20190112T081638,737437.3489883796,34.4,34.838,34.779,49.8
dam_D24,1,20190112T085519,737437.3758488542,34.0,34.371,34.319,49.7
dam_D24,1,20190112T093209,737437.4014352199,33.6,33.882,33.861,49.8
dam_D24,1,20190112T100938,737437.4274637847,33.0,33.412,33.384,50.3
dam_D24,1,20190112T104224,737437.4502132292,32.5,32.951,32.909,50.1
dam_D24,1,20190112T111504,737437.4728983218,32.1,32.467,32.439,50.2
dam_D24,1,20190112T114840,737437.4962339468,31.6,31.981,31.966,50.3
dam_D24,1,20190112T122346,737437.5206012963,31.0,31.448,31.391,50.4
dam_D24,1,20190112T125902,737437.5451032523,30.6,30.97,30.949,50.2
dam_D24,1,20190112T133151,737437.5678823726,29.9,30.366,30.271,50.3
dam_D24,1,20190112T140356,737437.5901661575,29.5,29.927,29.87,49.8
dam_D24,1,20190112T143720,737437.6133724884,29.0,29.411,29.319,50.7
dam_D24,1,20190112T151026,737437.6363476621,28.6,28.953,28.91,50.4
dam_D24,1,20190112T154352,737437.6595661227,28.0,28.464,28.401,50.5
dam_D24,1,20190112T161746,737437.6831054051,27.4,27.928,27.847,50.4
dam_D24,1,20190112T165608,737437.7097495834,27.0,27.475,27.403,50.3
dam_D24,1,20190112T174722,737437.74532875,26.5,26.956,26.889,50.1
dam_D24,1,20190112T182007,737437.768077419,25.9,26.454,26.373,50.2
dam_D24,1,20190112T185342,737437.7913961227,25.5,25.961,25.887,50.4
dam_D24,1,20190112T194344,737437.8261426041,25.0,25.478,25.393,50.3
dam_D24,1,20190112T201715,737437.8494156713,24.5,25.007,24.93,50.4
dam_D24,1,20190112T205001,737437.8721739815,24.1,24.519,24.463,50.5
dam_D24,1,20190112T212757,737437.8985182523,23.6,24.043,23.993,50.0
dam_D24,1,20190112T221725,737437.9328677662,23.1,23.563,23.506,50.4
dam_D24,1,20190112T230754,737437.9679166551,22.4,22.978,22.872,50.6
dam_D24,1,20190112T235835,737438.0031207291,22.0,22.518,22.432,50.5
dam_D24,1,20190113T003124,737438.0259047223,21.4,22.019,21.901,50.6
dam_D24,1,20190113T011034,737438.0531058796,21.0,21.552,21.45,50.1
dam_D24,1,20190113T014336,737438.0760493982,20.5,21.106,21.03,50.5
dam_D24,1,20190113T031049,737438.1366091319,20.1,20.63,20.567,50.3
udam,0,20181213T095826,737407.419765081,20.1,21.284,21.183,50.3
udam,0,20181213T104208,737407.4500280439,20.6,21.798,21.712,50.5
udam,0,20181213T111334,737407.4718655325,21.0,22.285,22.18,50.6
udam,0,20181213T120110,737407.5049254862,21.5,22.831,22.734,50.3
udam,0,20181213T124549,737407.5359199537,22.0,23.333,23.228,50.7
udam,0,20181213T131806,737407.5583446181,22.6,23.796,23.728,50.3
udam,0,20181213T135004,737407.5805427083,23.2,24.383,24.331,50.0
udam,0,20181213T143309,737407.6104680671,23.6,24.806,24.725,50.2
udam,0,20181213T151625,737407.6405109606,24.1,25.286,25.247,50.0
udam,0,20181213T160025,737407.671068912,24.5,25.789,25.682,50.2
udam,0,20181213T164533,737407.7023999653,25.1,26.327,26.241,50.1
udam,0,20181213T172818,737407.7320963194,25.6,26.841,26.764,50.0
udam,0,20181213T181255,737407.7630755671,26.0,27.305,27.195,50.2
udam,0,20181213T184528,737407.7856774189,26.5,27.846,27.749,50.2
udam,0,20181213T193121,737407.8175458796,27.0,28.284,28.184,50.1
udam,0,20181213T201537,737407.848293831,27.5,28.807,28.707,50.3
udam,0,20181213T205757,737407.8776834722,28.0,29.324,29.226,49.9
udam,0,20181213T214255,737407.908906713,28.5,29.791,29.703,50.2
udam,0,20181213T222806,737407.9402825347,29.1,30.283,30.225,50.0
udam,0,20181213T231431,737407.9725267477,29.4,30.693,30.613,49.9
udam,0,20181213T235906,737408.003501493,30.0,31.247,31.155,50.3
udam,0,20181214T004754,737408.0373879629,30.4,31.725,31.628,50.4
udam,0,20181214T012016,737408.0598740394,31.0,32.332,32.247,50.3
udam,0,20181214T020234,737408.0892456134,31.5,32.766,32.655,50.2
udam,0,20181214T024427,737408.1183191088,32.0,33.169,33.093,50.1
udam,0,20181214T033148,737408.151175382,32.5,33.716,33.62,50.1
udam,0,20181214T041427,737408.1808120601,33.1,34.276,34.184,50.2
udam,0,20181214T045436,737408.2086872337,33.5,34.718,34.613,50.4
udam,0,20181214T052709,737408.2312979746,34.1,35.263,35.188,50.2
udam,0,20181214T060513,737408.2577197916,34.5,35.756,35.676,50.0
udam,0,20181214T064336,737408.2843815162,34.9,36.152,36.062,50.1
udam,0,20181214T072318,737408.312015324,35.5,36.719,36.634,50.1
udam,0,20181214T080932,737408.3440571065,36.1,37.218,37.17,49.8
udam,0,20181214T085433,737408.3753219445,36.5,37.705,37.614,49.9
udam,0,20181214T093911,737408.4063214004,37.0,38.182,38.085,50.5
udam,0,20181214T101445,737408.4310154514,37.6,38.712,38.631,50.4
udam,0,20181214T110118,737408.463340926,38.0,39.198,39.096,50.8
udam,0,20181214T114522,737408.4939441088,38.6,39.704,39.614,50.2
udam,0,20181214T123916,737408.5313738195,39.1,40.163,40.088,50.2
udam,0,20181214T131236,737408.5545192014,39.6,40.678,40.604,49.9
udam,0,20181214T135141,737408.5816708565,40.0,41.117,41.029,50.2
udam,0,20181214T143453,737408.6116673611,40.5,41.607,41.514,50.3
udam,0,20181214T151708,737408.64101,41.0,42.133,42.036,50.4
udam,0,20181214T155821,737408.6696315394,41.6,42.636,42.549,50.2
udam,0,20181214T164028,737408.6988687384,42.1,43.125,43.046,50.2
udam,0,20181214T172215,737408.727887662,42.6,43.614,43.541,50.1
udam,0,20181214T180429,737408.7572254977,43.1,44.149,44.068,50.2
udam,0,20181214T184532,737408.785724051,43.6,44.619,44.538,50.4
udam,0,20181214T192803,737408.8152484953,44.1,45.101,45.028,50.4
udam,0,20181214T201305,737408.8465265741,44.6,45.629,45.556,50.5
udam,0,20181214T205418,737408.875146713,45.1,46.161,46.064,50.7
udam,0,20181214T215417,737408.916805868,45.5,46.6,46.528,50.8
udam,0,20181214T223426,737408.9446860532,46.0,47.121,47.022,50.3
udam,0,20181214T230741,737408.96777625,46.6,47.628,47.54,50.5
udam,0,20181214T234532,737408.9940636458,47.0,48.104,48.01,50.1
udam,0,20181215T002752,737409.0234642361,47.6,48.613,48.528,49.9
udam,0,20181215T010120,737409.0467040046,48.1,49.12,49.032,50.6
udam,0,20181215T013458,737409.0700615973,48.6,49.623,49.546,50.5
udam,0,20181215T020859,737409.0936845139,49.1,50.135,50.057,50.5
udam,0,20181215T024258,737409.1172795949,49.5,50.615,50.528,50.5
udam,0,20181215T031714,737409.1410778472,50.1,51.117,51.05,50.4
udam,0,20181215T035559,737409.1679861574,50.5,51.548,51.474,50.3
udam,0,20181215T043436,737409.1947943403,51.1,52.069,51.992,50.3
udam,0,20181215T050848,737409.2185503704,51.5,52.565,52.489,50.5
udam,0,20181215T054747,737409.2456174769,52.0,53.037,52.94,50.5
udam,0,20181215T062633,737409.2725488194,52.5,53.547,53.485,50.4
udam,0,20181215T070525,737409.2995342939,53.1,54.053,53.915,50.4
udam,0,20181215T074438,737409.3267676273,53.6,54.547,54.418,50.4
udam,0,20181215T081906,737409.3507054051,54.1,55.069,54.93,50.5
udam,0,20181215T085351,737409.374838912,54.6,55.543,55.411,50.5
udam,0,20181215T092848,737409.3991098264,55.0,56.017,55.879,50.5
udam,0,20181215T100822,737409.4265955787,55.5,56.493,56.365,50.5
udam,0,20181215T105701,737409.4603703588,56.0,56.98,56.872,50.2
udam,0,20181215T113535,737409.487152095,56.6,57.505,57.403,50.9
udam,0,20181215T121141,737409.5122165047,57.0,57.993,57.884,50.6
udam,0,20181215T124718,737409.5369578935,57.5,58.479,58.37,50.5
udam,0,20181215T132224,737409.5613255671,58.1,58.973,58.868,50.5
udam,0,20181215T141117,737409.5952829282,58.5,59.464,59.346,50.2
udam,0,20181215T144654,737409.6200124306,59.0,59.965,59.858,50.6
udam,0,20181215T152222,737409.644634456,59.5,60.465,60.361,50.5
udam,0,20181215T160042,737409.6712544676,60.0,60.95,60.837,50.8
udam,0,20181215T163333,737409.694080868,59.5,60.433,60.328,49.8
udam,0,20181215T170713,737409.7174500925,59.0,59.966,59.862,49.8
udam,0,20181215T174053,737409.7408384144,58.5,59.425,59.314,49.9
udam,0,20181215T181413,737409.7639725116,58.0,58.952,58.835,49.8
udam,0,20181215T184809,737409.7875420254,57.5,58.468,58.351,49.9
udam,0,20181215T192157,737409.8110212731,57.0,57.987,57.879,49.9
udam,0,20181215T195209,737409.8319946065,56.5,57.502,57.391,50.4
udam,0,20181215T202509,737409.8549077777,56.0,57.001,56.874,49.9
udam,0,20181215T205844,737409.8782311227,55.5,56.501,56.382,49.9
udam,0,20181215T213229,737409.9016660764,55.0,56.029,55.878,49.9
udam,0,20181215T220653,737409.9255621065,54.5,55.532,55.41,49.9
udam,0,20181215T224025,737409.9488425347,54.0,54.998,54.851,50.0
udam,0,20181215T231349,737409.9720319676,53.5,54.58,54.452,49.9
udam,0,20181215T234754,737409.995707801,53.0,54.033,53.911,49.8
udam,0,20181216T002110,737410.0188034028,52.5,53.527,53.401,49.9
udam,0,20181216T005435,737410.0421517593,52.0,53.029,52.877,49.6
udam,0,20181216T013222,737410.0682525,51.5,52.57,52.435,50.0
udam,0,20181216T020613,737410.0917615278,51.0,52.081,51.928,49.9
udam,0,20181216T023928,737410.114853831,50.5,51.552,51.389,50.1
udam,0,20181216T031244,737410.1379486227,50.0,51.087,50.92,50.0
udam,0,20181216T034552,737410.1609604977,49.5,50.584,50.422,50.2
udam,0,20181216T041938,737410.1844065741,49.0,50.096,49.93,49.9
udam,0,20181216T045313,737410.2077337385,48.5,49.633,49.483,49.7
udam,0,20181216T052750,737410.2317674421,48.0,49.107,48.929,50.0
udam,0,20181216T060149,737410.2553734607,47.5,48.627,48.462,49.8
udam,0,20181216T063506,737410.278479514,47.0,48.129,47.958,50.0
udam,0,20181216T071302,737410.3048261111,46.5,47.618,47.429,49.9
udam,0,20181216T075002,737410.3305222917,45.9,47.125,46.939,50.8
udam,0,20181216T082014,737410.3514983449,45.5,46.617,46.423,50.5
udam,0,20181216T094438,737410.4101060417,45.0,46.13,45.952,50.9
udam,0,20181216T102000,737410.4346551389,44.5,45.662,45.494,50.5
udam,0,20181216T105415,737410.4584523959,44.1,45.146,44.982,50.3
udam,0,20181216T112755,737410.4818223264,43.5,44.646,44.46,50.2
udam,0,20181216T120156,737410.505461956,43.0,44.126,43.923,50.7
udam,0,20181216T123501,737410.5284255787,42.4,43.649,43.428,50.5
udam,0,20181216T130926,737410.5523212731,42.0,43.171,42.98,49.6
udam,0,20181216T134813,737410.5792528704,41.5,42.653,42.444,49.9
udam,0,20181216T142741,737410.6066616898,41.1,42.213,42.045,49.6
udam,0,20181216T150416,737410.632075081,40.5,41.664,41.461,49.8
udam,0,20181216T153811,737410.6556213541,40.0,41.233,41.029,49.8
udam,0,20181216T161749,737410.683149375,39.4,40.663,40.44,49.7
udam,0,20181216T165720,737410.7105830903,39.0,40.192,40.007,49.9
udam,0,20181216T173555,737410.7373795254,38.5,39.709,39.499,49.7
udam,0,20181216T181241,737410.7629127547,38.1,39.216,39.021,49.7
udam,0,20181216T185012,737410.7889770254,37.4,38.731,38.503,50.2
udam,0,20181216T193133,737410.8176863773,36.9,38.223,38.012,50.2
udam,0,20181216T200732,737410.8426781713,36.5,37.733,37.538,49.9
udam,0,20181216T204433,737410.8683790393,36.0,37.211,36.995,51.1
udam,0,20181216T212253,737410.8949934953,35.5,36.74,36.537,50.0
udam,0,20181216T215944,737410.9205872569,35.0,36.257,36.013,50.2
udam,0,20181216T224500,737410.9520256829,34.6,35.797,35.597,50.2
udam,0,20181216T231956,737410.976281794,34.1,35.32,35.117,50.3
udam,0,20181216T235526,737411.0009426852,33.5,34.777,34.572,50.2
udam,0,20181217T003525,737411.0287005324,33.0,34.268,34.061,50.1
udam,0,20181217T011023,737411.0529868287,32.5,33.769,33.554,50.3
udam,0,20181217T014423,737411.0766009259,32.0,33.29,33.075,50.2
udam,0,20181217T022327,737411.1037196412,31.5,32.81,32.596,50.2
udam,0,20181217T025827,737411.1280390972,31.1,32.318,32.104,50.2
udam,0,20181217T033215,737411.1515015624,30.6,31.819,31.618,50.4
udam,0,20181217T041936,737411.184388287,30.0,31.27,31.05,50.3
udam,0,20181217T045444,737411.2087854977,29.5,30.779,30.586,50.4
udam,0,20181217T052935,737411.2329873958,29.0,30.223,30.013,50.7
udam,0,20181217T060441,737411.2573617361,28.5,29.805,29.577,50.3
udam,0,20181217T064543,737411.2858632407,28.0,29.357,29.142,50.0
udam,0,20181217T072611,737411.3139574422,27.5,28.822,28.611,50.3
udam,0,20181217T080455,737411.3408551042,27.0,28.33,28.117,50.3
udam,0,20181217T084023,737411.3654896759,26.5,27.835,27.612,50.4
udam,0,20181217T092125,737411.3939814584,26.0,27.353,27.117,50.2
udam,0,20181217T100105,737411.4215264583,25.5,26.805,26.572,50.0
udam,0,20181217T104411,737411.4514533565,24.9,26.244,25.996,50.1
udam,0,20181217T113832,737411.4891947338,24.5,25.862,25.619,50.2
udam,0,20181217T121125,737411.5120410995,24.0,25.378,25.129,50.5
udam,0,20181217T124537,737411.5357831018,23.7,24.9,24.719,50.3
udam,0,20181217T132424,737411.5627235301,22.9,24.349,24.074,50.1
udam,0,20181217T141738,737411.5996834722,22.6,23.905,23.699,50.6
udam,0,20181217T151047,737411.6365943172,22.0,23.363,23.111,50.1
udam,0,20181217T160512,737411.6743839005,21.5,22.877,22.646,50.2
udam,0,20181217T164345,737411.7011568403,20.9,22.373,22.104,50.5
udam,0,20181217T174145,737411.7414321065,20.5,21.88,21.623,50.4
udam,0,20181217T183228,737411.776660706,20.1,21.39,21.156,50.4
udam,0,20181217T190057,737411.7964335879,20.1,21.458,21.225,49.9
udam,0,20181217T194825,737411.8294019792,20.6,21.934,21.702,50.0
udam,0,20181217T205000,737411.8721616319,20.9,22.393,22.108,50.5
udam,0,20181217T213527,737411.9037264468,21.5,22.842,22.595,50.5
udam,0,20181217T220757,737411.9263008797,22.1,23.402,23.175,50.7
udam,0,20181217T225218,737411.9570918403,22.6,23.876,23.659,50.2
udam,0,20181217T233718,737411.9883445023,23.1,24.332,24.128,50.4
udam,0,20181218T000917,737412.0105548612,23.5,24.85,24.6,50.4
udam,0,20181218T004129,737412.032919375,24.0,25.365,25.14,50.4
udam,0,20181218T012808,737412.0653075116,24.5,25.807,25.567,50.3
udam,0,20181218T021247,737412.0963124189,25.0,26.316,26.063,50.2
udam,0,20181218T025703,737412.1270620486,25.6,26.888,26.675,50.2
udam,0,20181218T034122,737412.1578309027,26.1,27.358,27.135,50.1
udam,0,20181218T042824,737412.190499294,26.6,27.84,27.645,50.0
udam,0,20181218T051419,737412.2223882523,27.0,28.327,28.106,50.3
udam,0,20181218T060233,737412.2558828356,27.7,28.844,28.676,50.0
udam,0,20181218T064546,737412.2858958449,28.0,29.262,29.038,50.1
udam,0,20181218T071831,737412.3086352083,28.5,29.84,29.626,50.5
udam,0,20181218T080602,737412.341634051,29.1,30.334,30.144,50.0
udam,0,20181218T084814,737412.3709413889,29.4,30.75,30.506,50.5
udam,0,20181218T092109,737412.3937971065,30.1,31.319,31.128,50.3
udam,0,20181218T100937,737412.4274580671,30.5,31.762,31.557,50.0
udam,0,20181218T105231,737412.4572442593,31.1,32.299,32.103,50.2
udam,0,20181218T113847,737412.489372662,31.5,32.754,32.524,50.2
udam,0,20181218T121943,737412.5177975579,32.0,33.257,33.046,50.1
udam,0,20181218T130311,737412.5479909722,32.5,33.73,33.526,50.3
udam,0,20181218T134757,737412.5790765509,33.0,34.188,33.982,50.3
udam,0,20181218T142813,737412.6070345138,33.5,34.752,34.56,50.0
udam,0,20181218T151342,737412.6386335416,34.0,35.213,35.011,50.1
udam,0,20181218T155215,737412.6653905787,34.6,35.721,35.53,50.0
udam,0,20181218T162402,737412.6874689005,35.0,36.244,36.039,50.4
udam,0,20181218T170226,737412.714133125,35.6,36.759,36.55,50.2
udam,0,20181218T174600,737412.744392882,36.0,37.263,37.084,50.5
udam,0,20181218T181810,737412.76673125,36.6,37.773,37.578,49.9
udam,0,20181218T185517,737412.792505787,37.0,38.26,38.044,50.5
udam,0,20181218T193252,737412.818603287,37.5,38.71,38.522,50.7
udam,0,20181218T202544,737412.8553104282,37.9,39.19,38.962,50.1
udam,0,20181218T213030,737412.9002854051,38.5,39.678,39.48,50.1
udam,0,20181218T220324,737412.923141875,39.1,40.259,40.086,50.0
udam,0,20181218T223946,737412.9483886459,39.6,40.712,40.511,50.3
udam,0,20181218T231335,737412.9718802084,40.0,41.194,40.991,50.6
udam,0,20181218T235441,737413.0004175926,40.5,41.629,41.462,50.3
udam,0,20181219T003722,737413.0300514121,41.0,42.121,41.93,50.3
udam,0,20181219T011900,737413.0589621643,41.5,42.64,42.441,50.5
udam,0,20181219T020431,737413.090579699,42.1,43.181,43.023,50.1
udam,0,20181219T024508,737413.1187845718,42.6,43.692,43.524,50.4
udam,0,20181219T032421,737413.1460218403,42.9,44.118,43.89,50.7
udam,0,20181219T040553,737413.1748609144,43.5,44.638,44.465,50.5
udam,0,20181219T044724,737413.2036869098,44.0,45.139,44.963,50.5
udam,0,20181219T052609,737413.2306051968,44.6,45.671,45.511,50.5
udam,0,20181219T060845,737413.2601920833,45.0,46.159,45.982,51.2
udam,0,20181219T065222,737413.2904736111,45.5,46.614,46.438,51.0
udam,0,20181219T080400,737413.3402243055,46.1,47.146,46.994,51.0
udam,0,20181219T083607,737413.3625254862,46.6,47.637,47.477,50.6
udam,0,20181219T091535,737413.3899263542,47.0,48.107,47.951,50.3
udam,0,20181219T094933,737413.4135229051,47.6,48.602,48.455,50.3
udam,0,20181219T102655,737413.4394702199,48.0,49.106,48.958,50.2
udam,0,20181219T110501,737413.465923125,48.5,48.948,48.96,50.3
udam,0,20181219T114140,737413.491385544,49.0,49.355,49.362,50.5
udam,0,20181219T121652,737413.5158171296,49.5,49.804,49.816,50.5
udam,0,20181219T125224,737413.5405022223,50.0,50.261,50.276,50.3
udam,0,20181219T132841,737413.5656963658,50.5,50.734,50.75,50.4
udam,0,20181219T140407,737413.5903017245,51.0,51.178,51.184,50.5
udam,0,20181219T143830,737413.614184595,51.5,51.643,51.647,50.5
udam,0,20181219T151300,737413.6381416435,52.0,52.113,52.16,50.3
udam,0,20181219T154417,737413.6598621875,52.5,52.623,52.665,50.3
udam,0,20181219T161824,737413.6835593982,53.0,53.121,53.165,50.3
udam,0,20181219T164921,737413.7050495023,53.5,53.545,53.585,50.4
udam,0,20181219T172047,737413.7268721759,54.0,54.026,54.109,50.3
udam,0,20181219T181906,737413.7673722801,54.5,54.496,54.58,50.0
udam,0,20181219T185009,737413.7889356365,55.0,54.948,55.04,50.4
udam,0,20181219T192126,737413.810651331,55.5,55.462,55.571,50.3
udam,0,20181219T195258,737413.8325579283,56.0,55.973,56.085,50.4
udam,0,20181219T202408,737413.8541997222,56.5,56.453,56.566,50.4
udam,0,20181219T205508,737413.8757241783,57.0,56.966,57.078,50.4
udam,0,20181219T212918,737413.8994536343,57.5,57.447,57.54,50.4
udam,0,20181219T220036,737413.921193912,58.0,57.932,58.042,50.4
udam,0,20181219T223438,737413.9448305556,58.5,58.404,58.523,50.3
udam,0,20181219T232625,737413.9807859028,59.0,58.853,59.001,49.9
udam,0,20181219T235730,737414.0023714005,59.5,59.342,59.512,50.4
udam,0,20181220T002832,737414.023921088,60.0,59.881,60.05,50.4
udam,0,20181220T010540,737414.0497094792,59.5,59.384,59.513,49.9
udam,0,20181220T014335,737414.0760396528,59.0,58.922,59.037,49.8
udam,0,20181220T022150,737414.1026117245,58.4,58.405,58.503,49.9
udam,0,20181220T025937,737414.1288395834,57.9,57.891,57.993,49.8
udam,0,20181220T033530,737414.1537633449,57.5,57.48,57.583,50.3
udam,0,20181220T041331,737414.1801647801,57.0,56.921,57.04,49.8
udam,0,20181220T045127,737414.2065107292,56.5,56.454,56.545,49.9
udam,0,20181220T052813,737414.2320342709,56.0,55.983,56.073,49.8
udam,0,20181220T060457,737414.2575431828,55.5,55.523,55.587,50.0
udam,0,20181220T064155,737414.2832183334,55.0,55.041,55.106,49.9
udam,0,20181220T071815,737414.3084545139,54.5,54.555,54.605,49.9
udam,0,20181220T075353,737414.3331948727,54.0,54.077,54.11,50.0
udam,0,20181220T082924,737414.3578593056,53.5,53.566,53.609,50.0
udam,0,20181220T090413,737414.3820342477,52.9,53.06,53.099,50.1
udam,0,20181220T093946,737414.4067320718,52.5,52.581,52.613,49.9
udam,0,20181220T101518,737414.4314051504,52.0,52.077,52.122,50.0
udam,0,20181220T105105,737414.45625897,51.5,51.607,51.612,50.1
udam,0,20181220T112636,737414.4809148727,51.0,51.159,51.182,49.9
udam,0,20181220T120217,737414.5056985533,50.5,50.637,50.647,50.1
udam,0,20181220T123727,737414.5301250116,50.0,50.166,50.177,50.0
udam,0,20181220T131219,737414.5543287847,49.5,49.677,49.694,49.9
udam,0,20181220T134827,737414.579428206,49.0,49.144,49.139,50.1
udam,0,20181220T142419,737414.6043306134,48.5,48.69,48.696,49.8
udam,0,20181220T150013,737414.6292660764,48.0,48.191,48.195,50.0
udam,0,20181220T153726,737414.6551087268,47.5,47.701,47.704,50.0
udam,0,20181220T160934,737414.6774249421,47.0,47.217,47.221,50.1
udam,0,20181220T170113,737414.7132974074,46.5,46.693,46.703,50.2
udam,0,20181220T173606,737414.7375157408,46.0,46.209,46.2,49.6
udam,0,20181220T181329,737414.7634715625,45.5,45.727,45.727,50.2
udam,0,20181220T185307,737414.7909916551,45.0,45.238,45.225,49.9
udam,0,20181220T194532,737414.8273892824,44.5,44.742,44.741,50.7
udam,0,20181220T202210,737414.8528348148,44.0,44.238,44.221,50.5
udam,0,20181220T205607,737414.876415868,43.5,43.734,43.72,50.6
udam,0,20181220T213205,737414.9013971412,43.1,43.251,43.253,50.0
udam,0,20181220T220821,737414.926568507,42.5,42.742,42.731,49.7
udam,0,20181220T224236,737414.9503535533,42.1,42.262,42.24,49.7
udam,0,20181220T231836,737414.9753548843,41.5,41.767,41.727,49.8
udam,0,20181220T235308,737414.9993493287,41.0,41.258,41.216,49.7
udam,0,20181221T002714,737415.0230272916,40.5,40.757,40.73,49.6
udam,0,20181221T010328,737415.0481899768,39.9,40.238,40.17,49.9
udam,0,20181221T014324,737415.0759142361,39.6,39.782,39.763,49.7
udam,0,20181221T022419,737415.1043297106,39.0,39.279,39.241,49.7
udam,0,20181221T030230,737415.1308476968,38.5,38.786,38.74,49.9
udam,0,20181221T034335,737415.1593781828,38.1,38.33,38.314,49.6
udam,0,20181221T042235,737415.186457743,37.5,37.81,37.767,49.7
udam,0,20181221T050336,737415.2149410995,37.0,37.33,37.294,49.5
udam,0,20181221T054139,737415.2413709376,36.5,36.821,36.791,49.8
udam,0,20181221T061723,737415.2661791666,36.0,36.338,36.282,49.8
udam,0,20181221T065529,737415.2926425115,35.5,35.848,35.793,49.6
udam,0,20181221T072927,737415.3162326504,35.0,35.371,35.329,49.5
udam,0,20181221T080420,737415.3404478125,34.6,34.891,34.844,49.9
udam,0,20181221T083625,737415.3627301041,34.0,34.409,34.372,50.3
udam,0,20181221T090937,737415.3857920138,33.5,33.906,33.875,50.2
udam,0,20181221T094247,737415.4088254051,33.0,33.371,33.334,50.3
udam,0,20181221T102023,737415.4349327314,32.5,32.905,32.821,50.0
udam,0,20181221T105718,737415.4605708218,32.0,32.39,32.328,50.1
udam,0,20181221T113039,737415.4837347569,31.6,31.92,31.867,50.0
udam,0,20181221T120323,737415.5064674885,31.0,31.368,31.285,50.3
udam,0,20181221T123718,737415.5300102199,30.5,30.884,30.8,50.3
udam,0,20181221T131002,737415.5527425578,30.0,30.392,30.31,50.3
udam,0,20181221T134244,737415.57544897,29.5,29.888,29.803,50.1
udam,0,20181221T141603,737415.5985467477,29.1,29.444,29.391,50.1
udam,0,20181221T144938,737415.6219167825,28.6,28.965,28.903,50.3
udam,0,20181221T152324,737415.6453618981,28.0,28.479,28.408,50.5
udam,0,20181221T155619,737415.6682149653,27.5,27.944,27.852,50.5
udam,0,20181221T162951,737415.6915048611,26.9,27.374,27.273,50.4
udam,0,20181221T170714,737415.7174716435,26.5,26.954,26.876,50.3
udam,0,20181221T174601,737415.7444000463,26.0,26.45,26.375,50.2
udam,0,20181221T181932,737415.7676717592,25.6,25.999,25.92,50.4
udam,0,20181221T185420,737415.7918434722,25.0,25.487,25.403,50.6
udam,0,20181221T193405,737415.8194456134,24.5,25.0,24.923,50.1
udam,0,20181221T201306,737415.8465404051,24.0,24.519,24.446,50.5
udam,0,20181221T210346,737415.8817313078,23.5,24.008,23.91,50.1
udam,0,20181221T215507,737415.9173858102,23.0,23.504,23.406,50.3
udam,0,20181221T224637,737415.953145324,22.5,23.013,22.892,50.2
udam,0,20181221T233539,737415.9872061806,22.1,22.56,22.486,50.0
udam,0,20181222T002446,737416.0213051852,21.6,22.079,22.029,50.3
udam,0,20181222T005746,737416.044227963,21.0,21.523,21.447,50.4
udam,0,20181222T020741,737416.0927843519,20.5,21.023,20.91,50.2
udam,0,20181222T030033,737416.1294924885,20.1,20.612,20.524,50.3
